cp_mbi_arms_dealer,1.19,5.1,^2Laswell:^7 Para que esta misión tenga éxito deben suprimir la cadena de suministros de Al Qatala.,,
cp_mbi_arms_dealer,6.03,15.25,^2Kamarov: ^7Este es, un traficante llamado "señor Z". La Corte Criminal Internacional busca a Z por "conspiración en transportar, vender y suministrar armas a una organización terrorista".,,
cp_mbi_arms_dealer,16.1,21.06,^2Laswell:^7 Al parecer el Sr. Z se centró en un cliente exclusivo, el nuevo n.º 1 de Al Qatala...,,
cp_mbi_arms_dealer,21.2,25.26,^2Laswell:^7 Y se posicionó a sí mismo como el proveedor y asesor del líder terrorista.,,
cp_mbi_arms_dealer,26.11,35.06,^2Kamarov: ^7Una médica voluntaria en terreno, la Dra. Linda Morales, nos informó que Z ha estado usando cargamentos médicos para trasladar materiales peligrosos a Verdansk.,,
cp_mbi_arms_dealer,35.29,39.1,^2Kamarov:^7 Hace cuatro horas, operativos de Al Qatala la tomaron como rehén.,,
cp_mbi_arms_dealer,39.18,46.13,^2Laswell: ^7El objetivo del Armisticio es rescatar a la Dra. Morales. Si Z trajo armas químicas a esta pelea, puede que sepa dónde están.,,
cp_mbi_banker,0.05,4.26,^2Laswell: ^7La guerra en Verdansk ocurre en un mercado negro. Implica dinero sucio y alguien que lo limpie.,,
cp_mbi_banker,5.05,11.15,^2Kamarov: ^7Para eso, Al Qatala usa un banquero inglés, uno de nuestros VIP más importantes y el responsable de lavar su dinero.,,
cp_mbi_banker,11.29,18.25,^2Laswell:^7 No sabemos el nombre del banquero, pero sí que opera una torre de servidores que lava bien el dinero de Al Qatala para convertirlo en armas.,,
cp_mbi_banker,19.07,27.06,^2Kamarov:^7 Necesitamos una fuerza de ataque en terreno para detener estas transacciones. Su equipo capturará a los hostiles para averiguar dónde están sus servidores.,,
cp_mbi_banker,27.18,34.15,^2Laswell:^7 Cuando obtengan datos suficientes, los triangularemos, congelaremos sus activos e intentaremos revocar el certificado de nacimiento del hombre a cargo.,,
cp_mbi_banker,35.13,41,^2Laswell: ^7Lo que deben hacer, es ir al país. Capturen soldados de Al Qatala para obtener información sobre el banquero.,,
cp_mbi_landlord,0.05,4.27,^2Laswell: ^7Yo soy la oficial Laswell de la Coalición. Yo estoy al mando junto al sargento Kamarov de la Unión.,,
cp_mbi_landlord,5.01,10.28,^2Kamarov:^7 Dejamos nuestras diferencias de lado. Juntos, como Armisticio, esta es la primera acción en contra del ejército Al Qatala.,,
cp_mbi_landlord,11.06,17.06,^2Laswell: ^7Su misión es encontrar, fijar y acabar con objetivos VIP de la red de Al Qatala en Verdansk.,,
cp_mbi_landlord,17.15,23.23,^2Kamarov: ^7Estos VIP son poderosos y colaboradores bien conectados que ofrecen ayuda y materiales al enemigo.,,
cp_mbi_landlord,24,30.17,^2Laswell: ^7Todos trabajan para el maestro que lidera el ataque de Al Qatala en Verdansk. Para encontrarlo, los necesitamos.,,
cp_mbi_landlord,31.06,36.2,^2Kamarov:^7 Su primera operación es contra una figura de alto rango de Al Qatala llamada "Almalik", el Propietario.,,
cp_mbi_landlord,37.15,45.07,^2Laswell: ^7Almalik tiene varios almacenes en Verdansk, que sirven como depósitos de armas para Al Qatala. Posee armas y terroristas.,,
cp_mbi_landlord,45.24,52.27,^2Kamarov:^7 Su equipo se infiltrará en el distrito sur para atacar y capturar al personal enemigo y obtener información sobre sus almacenes.,,
cp_mbi_landlord,53.09,59.28,^2Laswell: ^7Si lo hacen bien, anularemos los depósitos de Al Qatala. Ganen la lotería y encontraremos a Almalik.,,
cp_mbi_landlord,60.17,64.04,^2Laswell: ^7Si lo encuentran, tengan la seguridad de que estará bien protegido.,,
cp_mbi_landlord,64.29,65.22,^2Laswell: ^7Buena cacería…,,
cp_mbi_outro,1.12,5.08,^2Laswell:^7 Desde el comienzo de esta operación, el acuerdo para un armisticio causó recelo.,,
cp_mbi_outro,5.25,8.02,^2Laswell: ^7Dijeron que no podríamos trabajar con Rusia...,,
cp_mbi_outro,8.14,9.02,^2Laswell: ^7... se equivocaron.,,
cp_mbi_outro,9.22,17.11,^2Laswell:^7 Gracias a sus equipos de asalto, se erradicó la red de apoyo de Al Qatala, y los agentes del poder que alentaban esta amenaza terrorista fueron eliminados.,,
cp_mbi_outro,17.19,19.24,^2Laswell: ^7Sin embargo, el señor Z sigue activo.,,
cp_mbi_outro,20.09,23.2,^2Laswell: ^7Sus armas están listas para usarse por terroristas en todo Verdansk.,,
cp_mbi_outro,24.01,29.2,^2Laswell:^7 Nuestra presencia en el área es la única línea de defensa que evita que Z y el nuevo jefe de Al Qatala penetren hacia Urzikistán.,,
cp_mbi_outro,30.07,36.1,^2Kamarov:^7 Este líder desconocido ahora hace llamar a su ejército "Al Qatala Aljahdid", los nuevos asesinos.,,
cp_mbi_outro,37.04,42.17,^2Laswell:^7 Y ellos se dirigen a él como "el León Inmortal" o Khaled Al-Asad.,,
cp_mbi_smuggler,1.25,4.01,^2Laswell: ^7Nuestras victorias en Verdansk agitaron el avispero.,,
cp_mbi_smuggler,4.25,9.23,^2Laswell: ^7Mientras que el Armisticio elimina a los de alto rango, Al Qatala toma acciones desesperadas y violentas.,,
cp_mbi_smuggler,10.1,16.25,^2Kamarov: ^7Este es "El Traficante". Está a cargo de una operación de contrabando mundial con base en Sudamérica que exporta a todo el mundo.,,
cp_mbi_smuggler,17.1,22.09,^2Laswell: ^7Se protege a sí mismo, sus clientes y sus cargamentos. Iremos por los tres.,,
cp_mbi_smuggler,22.22,28.04,^2Kamarov: ^7Un activo local informó que "El Traficante" va a mover algo grande a Verdansk antes del atardecer.,,
cp_mbi_smuggler,28.21,33.2,^2Kamarov: ^7A las 0700 transmitió una señal de auxilio. Y fue el último contacto.,,
cp_mbi_smuggler,34.03,38.22,^2Laswell: ^7Tienen que recuperar el activo y averiguar qué sabe sobre el plan de "El Traficante" para detenerlo.,,
cp_mbi_smuggler,39.08,45.2,^2Kamarov: ^7Infíltrense en la zona norte para atacar una serie de refugios de Al Qatala. Regístrenlos e infórmennos sobre lo que sea.,,
cp_mbi_smuggler,46,52.11,^2Laswell: ^7No tenemos tiempo. Si "El Traficante" coordina un ataque, Al Qatala podría ejecutarlo esta noche.,,
cp_opening_cine_intro,0,1.19,^1Soldado ruso:^7 Base, aquí Siete.,50,1
cp_opening_cine_intro,1.2,4.19,^1Soldado Ruso:^7 ¡Tenemos tanques y blindados acercándose desde el este!,50,1
cp_opening_cine_intro,4.2,6.04,^1Soldado ruso:^7 ¡Estamos sufriendo bajas! ¿Me reciben?,50,1
cp_opening_cine_intro,6.23,7.26,^1Soldado ruso: ^7¡Base, respondan!,50,1
cp_opening_cine_intro,7.27,8.22,^1Soldado ruso:^7 ¡Base!,50,1
cp_opening_cine_intro,8.23,9.14,^1Soldado ruso:^7 ¡Mierda!,50,1
cp_opening_cine_intro,9.18,11.25,^1Soldado ruso: ^7A todos los puestos de la red, ¡son demasiados!,50,1
cp_opening_cine_intro,11.26,13.16,^1Soldado ruso:^7 ¡Es un puto ejército!,50,1
cp_opening_cine_intro,13.17,15.11,^1Soldado ruso:^7 ¡Necesitamos...!,50,1
cp_opening_cine_intro,25.12,26.27,^1Soldado ruso: ^7No...,50,1
cp_opening_cine_intro,27.04,28.02,^1Soldado ruso: ^7No...,50,1
cp_opening_cine_intro,28.03,29.11,^1Soldado ruso:^7 Te lo suplico...,50,1
cp_opening_cine_intro,29.12,30.19,^1Soldado ruso:^7 ¡Por favor!,50,1
cp_opening_cine_intro,48.24,52.06,^2Laswell: ^7La ciudad está en evacuación. Al Qatala tiene el control total.,,
cp_opening_cine_intro,52.12,54,^2Nikolai: ^7Este era un buen lugar.,,
cp_opening_cine_intro,54.05,55,^2Price:^7 Pues, ya no.,,
cp_opening_cine_intro,55.19,58.1,^2Nikolai: ^7Reconstruyeron Verdansk tras la Guerra Fría.,,
cp_opening_cine_intro,59.01,60.2,^2Laswell: ^7A Al Qatala no le gustó esa cooperación...,,
cp_opening_cine_intro,61.14,63.17,^2Laswell: ^7... y tienen armas y blindados.,,
cp_opening_cine_intro,63.28,65.11,^2Nikolai: ^7Terroristas con tanques...,,
cp_opening_cine_intro,65.21,66.12,^2Price:^7 ¿Quién está al mando?,,
cp_opening_cine_intro,67.28,68.18,^2Laswell: ^7Alguien nuevo.,,
cp_opening_cine_intro,71.07,72.22,^2Nikolai: ^7Bonito sombrero. ¿Cómo se llama?,,
cp_opening_cine_intro,73.03,74.26,^2Laswell: ^7No sabemos, pero tiene amigos importantes.,,
cp_opening_cine_intro,75.15,76.2,^2Price:^7 Es inteligencia rusa.,,
cp_opening_cine_intro,77.04,77.27,^2Price: ^7¿De dónde lo sacaron?,,
cp_opening_cine_intro,78.23,79.29,^2Laswell: ^7Mi contraparte en Moscú.,,
cp_opening_cine_intro,80.17,82.17,^2Nikolai: ^7¿La CIA trabaja con el SFS?,,
cp_opening_cine_intro,82.2,83.14,^2Kamarov: ^7No es la primera vez...,,
cp_opening_cine_intro,84.25,85.11,^2Price:^7 Kamarov.,,
cp_opening_cine_intro,86.02,86.23,^2Kamarov: ^7Capitán Price.,,
cp_opening_cine_intro,87.15,88.02,^2Kamarov: ^7Nikolai.,,
cp_opening_cine_intro,89,89.25,^2Kamarov: ^7Has sido un chico malo.,,
cp_opening_cine_intro,90.14,92,^2Nikolai: ^7Viniendo de ti, es un cumplido.,,
cp_opening_cine_intro,92.16,94.08,^2Kamarov: ^7Por favor, todos somos amigos.,,
cp_opening_cine_intro,96.09,98.1,^2Kamarov:^7 Te lo debía... Por Beirut.,,
cp_opening_cine_intro,99.14,101.24,^2Laswell: ^7El sargento Kamarov va a ayudar con esta operación.,,
cp_opening_cine_intro,102.15,108.05,^2Kamarov: ^7Con estas armas... Al Qatala podría convertir ataques terroristas en actos de guerra.,,
cp_opening_cine_intro,109.07,111.1,^2Kamarov: ^7Un problema para todos.,,
cp_opening_cine_intro,112.15,117.07,^2Laswell: ^7Iniciaremos una fuerza multilateral para cazar al nuevo líder de Al Qatala y contener la amenaza.,,
cp_opening_cine_intro,118.16,119.07,^2Price: ^7Listo.,,
cp_opening_cine_intro,119.29,122.15,^2Price: ^7Dígannos qué necesitan y hagámoslo.,,
cp_stinger,28.07,32.25,Mantente a la espera de tu próximo despliegue contra el ejército de Al Qatala…,,
cp_teaser,2,8,LA HISTORIA CONTINÚA EN OPERACIONES ESPECIALES.,,
main_menu_warzone_battlepass_trailer,1.53,4,^2Narrador:^7 El sistema del Pase de batalla de Modern Warfare ahora incluye Warzone.,,
main_menu_warzone_battlepass_trailer,5.9,8.97,^2Narrador:^7 Juega al juego. Sube de nivel. Gana recompensas.,,
main_menu_warzone_battlepass_trailer,10.47,15.4,^2Narrador:^7 El Pase de batalla incluye más de 100 objetos que podrás obtener y equipar.,,
main_menu_warzone_battlepass_trailer,16.03,19.23,^2Narrador:^7 Gran parte del contenido es gratis para todos los jugadores.,,
main_menu_warzone_battlepass_trailer,19.23,28.3,^2Narrador:^7 Según subas de rango, desbloquearás 2 armas funcionales y un montón de equipo para personalizar a tu operador. Y todo solo por jugar.,,
main_menu_warzone_battlepass_trailer,29.43,34,^2Narrador:^7 Compra el Pase de batalla y desbloquea los 100 niveles de contenido.,,
main_menu_warzone_battlepass_trailer,34.94,39.94,^2Narrador:^7 Desbloquearás al instante a GHOST, un legendario operador con el cual entrarás de lleno al combate.,,
main_menu_warzone_battlepass_trailer,40.07,48.1,^2Narrador:^7 A medida que avances por los niveles, obtendrás proyectos de armas de leyenda, aspectos de operador, puntos COD y más.,,
main_menu_warzone_battlepass_trailer,48.4,52.5,^2Narrador:^7 Inicia sesión y juega a cualquier modo disponible para ganar recompensas.,,
main_menu_warzone_battlepass_trailer,55.84,60.77,^2Narrador:^7 Sistema del Pase de batalla de Call of Duty: Modern Warfare. Ya disponible para Warzone.,,
main_menu_warzone_mw_story_trailer,6.53,8.1,^2Laswell:^7 20 años de guerra civil.,,
main_menu_warzone_mw_story_trailer,8.2,9.67,^2Price:^7 No tiene nada de civil.,,
main_menu_warzone_mw_story_trailer,9.83,11.2,ACTIVISION PRESENTA,,1
main_menu_warzone_mw_story_trailer,10.47,12.1,^2Laswell:^7 Ahora lo sabemos.,,
main_menu_warzone_mw_story_trailer,12.1,14.33,^2Laswell:^7 Las armas químicas están en manos terroristas.,,
main_menu_warzone_mw_story_trailer,14.33,17.57,UNA PRODUCCIÓN DE INFINITY WARD,,1
main_menu_warzone_mw_story_trailer,20.9,21.87,^2Laswell:^7 Podrían estar donde sea.,,
main_menu_warzone_mw_story_trailer,21.87,23.2,^2Price:^7 Hay que actuar rápido.,,
main_menu_warzone_mw_story_trailer,23.2,25.33,^2Laswell:^7 ¿Y qué sugieres?,,
main_menu_warzone_mw_story_trailer,25.33,28.1,^2Price:^7 Un viaje de negocios.,,
main_menu_warzone_mw_story_trailer,28.9,30.83,^2Price:^7 ¡Farah!,,
main_menu_warzone_mw_story_trailer,30.83,32.87,^2Price:^7 Hablemos.,,
main_menu_warzone_mw_story_trailer,32.87,35.17,^2Price:^7 Te necesito aquí.,,
main_menu_warzone_mw_story_trailer,35.17,38.27,^2Farah:^7 Por este veneno mi pueblo conoce algo peor que la guerra.,,
main_menu_warzone_mw_story_trailer,39.57,40.93,^2Alex:^7 Ayúdanos a rastrearlo.,50,
main_menu_warzone_mw_story_trailer,40.93,42.37,^2Farah:^7 Si te quedas te ayudaremos.,,
main_menu_warzone_mw_story_trailer,42.37,45.37,^2Farah:^7 Si te quedas, pelearás.,,
main_menu_warzone_mw_story_trailer,45.37,46.43,^2Alex:^7 Manos a la obra.,,
main_menu_warzone_mw_story_trailer,50.8,55.03,^2Farah:^7 A los invasores de mi país no les importa la vida humana.,,
main_menu_warzone_mw_story_trailer,55.53,57.2,^2Farah:^7 Vivimos así todos los días.,,
main_menu_warzone_mw_story_trailer,58.17,60.5,^2Laswell:^7 Una complicación más y estaremos en guerra.,,
main_menu_warzone_mw_story_trailer,64.23,65.2,^2Price:^7 Están entrando ahora.,,
main_menu_warzone_mw_story_trailer,65.2,67.2,^2Price:^7 ¡Necesitamos un punto de extracción urgente!,,
main_menu_warzone_mw_story_trailer,67.2,69.53,^2Lobo:^7 Salva tu vida, hija. ¡Únetenos!,,
main_menu_warzone_mw_story_trailer,69.53,70.97,^2Farah:^7 Yo lidero soldados.,,
main_menu_warzone_mw_story_trailer,70.97,72.97,^2Farah:^7 Tú entrenas asesinos.,,
main_menu_warzone_mw_story_trailer,72.97,76.47,^2Lobo:^7 Pero todos somos asesinos aquí, ¿no?,,
main_menu_warzone_mw_story_trailer,76.9,78.33,^2Ejecutor:^7 ¿Qué harás, capitán?,,
main_menu_warzone_mw_story_trailer,78.93,80.43,^2Ejecutor:^7 ¿Vas a dejar que mueran?,,
main_menu_warzone_mw_story_trailer,83.5,86.2,^2Lyons:^7 Las armas químicas están ahora a la deriva.,,
main_menu_warzone_mw_story_trailer,86.97,87.97,^2Lyons:^7 Corrígelo.,,
main_menu_warzone_mw_story_trailer,89.4,91.13,^2Kyle:^7 ¿Cuál es el límite, señor?,,
main_menu_warzone_mw_story_trailer,91.9,93.53,^2Price:^7 Tu pones el límite...,,
main_menu_warzone_mw_story_trailer,93.6,94.07,^2Price:^7 ¡No hay tiempo!,,
main_menu_warzone_mw_story_trailer,94.07,94.77,^2Kyle:^7 ¡No te muevas!,,
main_menu_warzone_mw_story_trailer,94.77,95.33,^2Kyle:^7 ¡Alto!,,
main_menu_warzone_mw_story_trailer,95.63,96.93,^2Price:^7 donde lo necesites.,,
main_menu_warzone_mw_story_trailer,97.3,98.23,^2Price:^7 ¿Qué rayos es esto?,,
main_menu_warzone_mw_story_trailer,98.4,99.53,^2Laswell:^7 ¡Vamos a entregarlo!,,
main_menu_warzone_mw_story_trailer,99.53,100.87,^2Laswell:^7 Tú y yo solo somos peones.,,
main_menu_warzone_mw_story_trailer,100.87,102.37,^2Price:^7 Habla por ti.,,
main_menu_warzone_mw_story_trailer,105,106.17,^2Farah:^7 Estás loco.,,
main_menu_warzone_mw_story_trailer,107.6,109.6,^2Price:^7 En el mundo hay muchos locos.,,
main_menu_warzone_mw_story_trailer,113.37,116.03,^2Price:^7 Las reglas del juego cambiaron.,,
main_menu_warzone_mw_story_trailer,118.4,120.17,^2Price:^7 Si no puedes identificar al objetivo,,,
main_menu_warzone_mw_story_trailer,124.17,125.5,^2Price:^7 tú eres el objetivo.,,
main_menu_warzone_mw_story_trailer,127.37,131.5,CÓMPRALO AHORA,,1
mp_amber_pause,2.27,7.23,EN EL PUNTO ÁLGIDO DE LA GUERRA FRÍA, YURI BEZMENOV, DESERTOR DE LA KGB, LANZA UN AVISO ESTREMECEDOR,,1
mp_amber_pause,10.07,12.57,^2Yuri Bezmenov:^7 Comprende lo que sucede a tu alrededor.,,1
mp_amber_pause,12.57,14.87,^2Yuri Bezmenov:^7 Estás en estado de guerra,,1
mp_amber_pause,14.87,18.4,^2Yuri Bezmenov:^7 y tienes poquísimo tiempo para salvarte.,,1
mp_amber_pause,36.3,43.63,^2Yuri Bezmenov:^7 Es un proceso lento al que llamamos "medidas activas". La primera fase es la "desmoralización".,,1
mp_amber_pause,44.13,49.13,^2Yuri Bezmenov:^7 Se tarda entre quince y veinte años en desmoralizar a un país.,,1
mp_amber_pause,49.13,52.13,^2Yuri Bezmenov:^7 La siguiente fase es la "desestabilización".,,1
mp_amber_pause,52.13,59.1,^2Yuri Bezmenov:^7 Lo que importa es lo básico: economía, relaciones internacionales, sistemas de defensa.,,1
mp_amber_pause,59.1,70.2,^2Yuri Bezmenov:^7 La siguiente fase es la "crisis", Tras un cambio violento de poder, estructura y economía, viene un periodo de "normalización".,,1
mp_amber_pause,70.2,77.63,^2Yuri Bezmenov:^7 Esto es lo que sucederá en Estados Unidos si se permite que estos necios instauren un gobierno de "gran hermano" en Washington;,,1
mp_amber_pause,77.63,83.17,^2Yuri Bezmenov:^7 un gobierno que hará numerosas promesas... sin importar si se cumplen o no.,,1
mp_amber_pause,83.93,85.13,INSPIRADO EN SUCESOS REALES,,1
mp_amber_pause,88.17,90.13,UN PLAN URDIDO DURANTE DÉCADAS,,1
mp_amber_pause,92.17,94.1,CONOCE LA HISTORIA,,1
mp_amber_pause,97.13,100.13,O ESTARÁS CONDENADO A REPETIRLA,,1
mp_amber_pause,104.77,112.03,^2Yuri Bezmenov:^7 La bomba de tiempo está en marcha. Cada segundo nos acerca más y más al desastre.,,1
mp_amber_pause,112.03,114.37,^2Yuri Bezmenov:^7 El peligro es REAL.,,1
mp_plunder_tutorial,6.47,7.03,^2Líder Británico:^7 Esto es Saqueo.,,
mp_plunder_tutorial,6.53,7.53,SAQUEO,,
mp_plunder_tutorial,8.03,9.2,^2Líder Británico:^7 Así están las cosas.,,
mp_plunder_tutorial,9.17,12.6,^2Líder Británico:^7 Aquí los equipos pelean por ser el primero en conseguir más efectivo.,,
mp_plunder_tutorial,16.47,18.6,CÓMO CONSEGUIR EFECTIVO,,
mp_plunder_tutorial,16.47,18.13,^2Líder Británico:^7 Consigues efectivo de varias formas.,,
mp_plunder_tutorial,18.7,23.63,^2Líder Británico:^7 Lo más infalible es encontrar y saquear cajas de suministros en edificios dentro del mapa.,,
mp_plunder_tutorial,19.87,22,BUSCA CAJAS DE SUMINISTROS EN EDIFICIOS,,
mp_plunder_tutorial,25.7,29.5,^2Líder Británico:^7 Los contratos son misiones opcionales repartidas por el mapa.,,
mp_plunder_tutorial,26.1,28.77,CONTRATOS: MINIMISIONES OPCIONALES,,
mp_plunder_tutorial,29.5,34.43,^2Líder Británico:^7 Puedes buscar el icono amarillo del contrato y luego seguir las instrucciones para el pago en efectivo.,,
mp_plunder_tutorial,37.07,41.13,ROBAR A LOS ENEMIGOS: GRAN RIESGO Y GRAN RECOMPENSA,,
mp_plunder_tutorial,40.37,45.3,^2Líder Británico:^7 Al morir un jugador deja caer su efectivo.,,
mp_plunder_tutorial,45.67,50.6,^2Líder Británico:^7 Una estrategia de alto riesgo y recompensa es ir por los jugadores con más efectivo.,,
mp_plunder_tutorial,51.23,55.53,^2Líder Británico:^7 Estos objetivos de alto valor están marcados en el mapa.,,
mp_plunder_tutorial,55.53,58.9,^2Líder Británico:^7 Pero, al morir, también soltarás tu efectivo.,,
mp_plunder_tutorial,58.9,60.17,CÓMO PROTEGER EL EFECTIVO,,
mp_plunder_tutorial,60.37,64.74,LOS HELIPUERTOS DE DEPÓSITO PROTEGEN GRANDES CANTIDADES DE EFECTIVO,,
mp_plunder_tutorial,61.67,64.97,^2Líder Británico:^7 Protege tu efectivo con helipuertos de depósito.,,
mp_plunder_tutorial,66.77,69.9,^2Líder Británico:^7 Cuando llegues a uno, solicita un helicóptero y llénalo.,,
mp_plunder_tutorial,78.07,83.13,LOS GLOBOS DE DEPÓSITO DE EFECTIVO PROTEGEN TU EFECTIVO EN CUALQUIER LUGAR,,
mp_plunder_tutorial,78.53,85.67,^2Líder Británico:^7 Puedes proteger tu efectivo. Los globos de depósito de efectivo se pueden encontrar en cajas de suministros o comprarse en estaciones de suministros en todo el mapa.,,
mp_plunder_tutorial,87.17,89.63,^2Líder Británico:^7 Esto es lo básico de Saqueo.,,
mp_plunder_tutorial,89.63,91.5,^2Líder Británico:^7 Ahora ve y consigue un poco.,,
mp_x1hype,4.5,6.57,Call of Duty®: Black Ops Cold War,,
mp_x1hype,8.9,18.63,^2Adler:^7 Esta guerra fue una farsa. Años de sangre. Solo para activar una guerra secreta planeada por décadas.,,
mp_x1hype,19.43,21.4,^2Pilot:^7 ¡Nos disparan, nos disparan!,,
mp_x1hype,21.4,23,^2Soldado:^7 Jim, cohete a las doc…,,
mp_x1hype,31.93,39.8,^2Reagan:^7 Amigos compatriotas, un conflicto nuclear puede ser el fin. Queremos lograr un mundo más pacífico.,,
mp_x1hype,41.1,56.57,^2Adler:^7 Hace cinco días, recibimos información de que el agente soviético "Perseus" está activo. Si es así, algo grande está por suceder. Algo que podría cambiar el equilibrio de la Guerra Fría.,,
mp_x1hype,60.1,61.7,^2Woods:^7 Vamos por esta mierda.,,
mp_x1hype,64.57,65.33,^2Policía:^7 ¿Qué pasa aquí?,,
mp_x1hype,67.53,69.1,^2Woods:^7 ¡Vamos, adentro!,,
mp_x1hype,78.8,80.1,^2Hudson:^7 Sr. presidente.,,
mp_x1hype,80.1,81.87,^2Reagan:^7 La amenaza, ¿es real?,,
mp_x1hype,83.1,84.77,^2Hudson:^7 Sí, señor, eso creemos.,,
mp_x1hype,84.77,87.43,^2Reagan:^7 Denle al Sr. Adler lo que necesite.,,
mp_x1hype,98.43,99.4,^2Soldado:^7 ¡NOS DISPARAN!,,
mp_x1hype,103.77,105.8,^2Woods:^7 ¡Esto no era parte del plan!,,
mp_x1hype,110.7,112.77,^2Reagan:^7 Sé que no nos fallará.,,
mp_x1hype,112.77,115.23,Call of Duty®: Black Ops Cold War,,
mp_x1hype,115.23,116.6,13 DE NOVIEMBRE,,
mp_x1hype,116.6,119.9,RESERVA UNA COPIA DIGITAL Y OBTÉN ACCESO ANTICIPADO A LA BETA ABIERTA,,
mp_x1hype,119.9,123.93,Y ACCESO INSTANTÁNEO AL PAQUETE DE OPERADOR DE WOODS EN MODERN WARFARE® Y WARZONE™,,
mp_x1hype,138.7,142.03,PRESENTACIÓN MUNDIAL DEL MULTIJUGADOR EL 9 DE SEPTIEMBRE,,
mw_warzone_finale,0.53,2.87,^2Price: ^7Bravo 6 a Griggs. Es hora...,,
mw_warzone_finale,3.4,6.4,^2Griggs: ^7Recibido, comandante. Los equipos Demon acordonaron el silo.,,
mw_warzone_finale,6.97,7.97,^2Price: ^7Gaz, repórtate...,,
mw_warzone_finale,8.8,13.37,^2Kyle: ^7En la torre con Ghost. Hackeamos las comunicaciones de Zakhaev. Está aquí, atentos...,,
mw_warzone_finale,13.97,24.07,^1Zakhaev: ^7Nuestra victoria de hoy será decisiva. Juntos, pusimos un cuchillo en el cuello de la historia... Es hora de asestar el corte final.,,
mw_warzone_finale,24.6,31.1,^2Price: ^7A todas las estaciones: Zakhaev está por apretar el botón, no tenemos mucho tiempo... Farah, ¿dónde estás?,,
mw_warzone_finale,31.6,33.67,^2Farah: ^7En la entrada con Alex, creando una distracción.,,
mw_warzone_finale,34.2,36.03,^2Alex: ^7Se acercan guardias, comandante...,,
mw_warzone_finale,36.53,38.23,^2Price: ^7Manténganlos ocupados.,,
mw_warzone_finale,39.2,57.53,^1Zakhaev: ^7...Vinieron a Verdansk a detenernos, pero no pudieron evitar pelear entre sí... Esta guerra lleva 50 años. No más tratados ni diplomacia... Estas armas ya no yacerán dormidas.,,
mw_warzone_finale,69.97,73.67,^1Zakhaev: ^7Tu trabajo no será en vano, padre.,,
mw_warzone_finale,85.33,87.23,^1Zakhaev: ^7¡Déjate ver...!,,
mw_warzone_finale,89.43,90.73,^1Zakhaev: ^7Estás perdiendo el tiem...,,
mw_warzone_finale,106.8,107.53,^2Price: ^7Victor...,,
mw_warzone_finale,109.3,112.77,^1Zakhaev: ^7Capitán Price, no me sorprende...,,
mw_warzone_finale,113.9,116.3,^2Price: ^7Eres hombre muerto, Zakhaev...,,
mw_warzone_finale,118.93,122.83,^1Zakhaev: ^7Comencé una guerra... Matarme no la detendrá.,,
mw_warzone_finale,123.17,126.9,^2Price: ^7No te mataré yo, sino la caída...,,
mw_warzone_finale,126.9,128.23,^1Zakhaev: ^7Alto... N...,,
mw_warzone_finale,128.77,131.63,^1Zakhaev: ^7¡Noooo...!,,
mw_warzone_finale,131.63,135.07,^2Price: ^7A todas las estaciones: Zakhaev murió, pero el misil sigue activo.,,
mw_warzone_finale,135.07,136.57,^2Price: ^7Nik, necesito los códigos ahora...,,
mw_warzone_finale,136.57,138.8,^2Nikolai: ^7Te copio, aquí viene, comandante...,,
mw_warzone_finale,138.8,139.63,^2Nikolai: ^7Seis...,,
mw_warzone_finale,139.63,140.37,^2Price: ^7Seis...,,
mw_warzone_finale,140.37,141.13,^2Nikolai: ^7Uno...,,
mw_warzone_finale,141.23,142,^2Price: ^7Uno...,,
mw_warzone_finale,142,142.7,^2Nikolai: ^7Cinco...,,
mw_warzone_finale,142.87,143.57,^2Price: ^7Cinco...,,
mw_warzone_finale,143.73,144.7,^2Nikolai: ^7sshirr----rerrk,,
mw_warzone_finale,145.1,146.03,^2Price: ^7Repite eso...,,
mw_warzone_finale,146.53,147.4,^2Nikolai: ^7sshirr----rerrk,,
mw_warzone_finale,147.4,150.2,^2Price: ^7¡Nik! Repítelo... ¡Te perdí, Nik!,,
mw_warzone_finale,153.5,155.27,^2Price: ^7Puta madre... ¡NIK! ¡El último dígito!,,
mw_warzone_finale,156.53,159.63,^2Nikolai: ^7¡SIETE! ¡Seis, uno, cinco, SIETE!,,
mw_warzone_finale,165.33,172.57,^2Price: ^7A todos quienes estén en esta red: lanzamiento anulado. Misión cumplida.,,
mw_warzone_finale,179.47,181.3,^2Ghost: ^7Esto no ha terminado...,,
mw_warzone_finale,181.53,183.47,^2Price: ^7Ni de lejos.,,
mw_warzone_finale,184.37,185.73,^2Soap: ^7MacTavish a comandante...,,
mw_warzone_finale,185.73,188.9,^2Price: ^7Soap... ¿cuál es tu posición?,,
mw_warzone_finale,188.9,192.2,^2Soap: ^7A medio kilómetro de la costa. La cosa se está poniendo al rojo vivo...,,
mw_warzone_finale,192.2,195.8,^2Price: ^7Resiste... Vamos para allá.,,
mw_warzone_finale,196.77,197.97,^2Price: ^7Conmigo...,,
season_five_intro,4.3,6.5,^2Piloto de Little Bird CS 1:^7 Stadium a la vista. Tiempo estimado: 30 segundos...,,
season_five_intro,6.97,18.27,^2Lerch:^7 Recibido. Atención, Shadows, escuchen esto... En las últimas 24, la Unión interceptó comunicaciones originadas en Stadium... El origen de la conversación podría ser el mismísimo Zakhaev...,,
season_five_intro,18.27,22.67,^2Lerch:^7 Si atrapamos a este infeliz, nos bañarán en premios... Atentos...,,
season_five_intro,23.77,26.93,^2Lerch:^7 Lerch a Roze: ¿lista para encender el fuego...?,,
season_five_intro,26.93,29.1,^2Roze:^7 Siempre, ya lo sabes...,,
season_five_intro,29.1,30.93,^2Lerch:^7 Eso es lo que quería escuchar.,,
season_five_intro,30.93,32.77,^2Lerch:^7 ¿Fuegos artificiales?,,
season_five_intro,32.77,35,^2Roze:^7 Esperen a escuchar esto...,,
season_five_intro,36.2,39,^2Roze:^7 ¡Mecha encendida... es hora de entrar!,,
season_five_intro,39,41.17,^2Lerch:^7 ¡Recibido, enciéndela!,,
season_five_intro,51.6,53.47,^2Roze:^7 ¡Resultado óptimo, Shadows!,,
season_five_intro,53.47,55.43,^2Roze:^7 Puerta abierta. Traigan a los pájaros.,,
season_five_intro,56.4,58.37,^2Piloto de Little Bird CS 1:^7 Listo. Zona de aterrizaje marcada. Bajando.,,
season_five_intro,59.67,62.47,^2Lerch:^7 Shadows, deprisa y avancen...,,
season_five_intro,62.47,66.53,^2Lerch:^7 Si ven intenciones hostiles, tienen permiso para atacar...,,
season_four_intro,0,2.57,^2Price:^7 Verdansk fue la zona cero en la Guerra Fría.,,
season_four_intro,2.57,7.13,^2Price:^7 Una ciudad con túneles, Gulag, búnkeres y armas de destrucción masiva.,,
season_four_intro,7.13,9.3,^2Price:^7 Este es Victor Zakhaev.,,
season_four_intro,9.3,17,^2Price:^7 Su padre fue un héroe soviético que deseaba una guerra mundial que nunca llegó. Víctor encontró un compañero para cumplir ese deseo.,,
season_four_intro,17,20.17,^2Price:^7 Al-Asad tenía cuentas pendientes con las superpotencias.,,
season_four_intro,20.17,23.77,^2Price:^7 Fue liberado... Armado... Y está suelto...,,
season_four_intro,23.77,32.53,^2Price:^7 La Coalición y la Unión firmaron tratados, enviaron a sus mejores hombres a restaurar el orden, pero Zakhaev movió hilos y sembró la discordia.,,
season_four_intro,32.53,36.83,^2Price:^7 Nos volvimos unos contra otros, justo como él quería.,,
season_four_intro,36.83,40.43,^2Price:^7 Inteligencia sugiere que aquí hay un mundo oculto... Y piensa usarlo.,,
season_four_intro,40.43,45.4,^2Price:^7 Es una maldita bomba, y Zakhaev ya encendió la mecha...,,
season_four_intro,49.53,51.63,^2Kyle:^7 Hagámoslo, ¿sí?,,
season_four_intro,52.5,56.67,^2Price:^7 Bravo-6... infiltrándose.,,
season_seven_intro,0.33,4.47,Refugio de la CIA. Berlín Oeste, Alemania. 20 de enero de 1984.,,
season_seven_intro,17.2,20.57,^1Stitch: ^7Adler está armando el rompecabezas...,,
season_seven_intro,20.93,24.03,^1Stitch: ^7Sin saber que él mismo es una pieza.,,
season_seven_intro,24.67,30.57,^1Stitch: ^7No vivirá lo suficiente para averiguarlo. No tendré la "piedad" que él tuvo conmigo.,,
season_seven_intro,34.27,38.57,^1Stitch: ^7Estuve a cargo de la producción del Nova 6 en la Isla Renacimiento.,,
season_seven_intro,38.83,42.13,^1Stitch: ^7Bajo las órdenes del mismísimo Kravchenko.,,
season_seven_intro,42.93,47.9,^1Stitch: ^7Yo era leal y estaba ascendiendo, hasta que los americanos nos encontraron.,,
season_seven_intro,48.9,51.97,^1Stitch: ^7Ahí conocí a Russell Adler.,,
season_seven_intro,53.4,56,^1Stitch: ^7No pudo quebrarme.,,
season_seven_intro,56,58.73,^2Adler: ^7Dile a tu jefe que esto es por Weaver.,,
season_seven_intro,59.93,64.23,^1Stitch: ^7Por dejar caer a Renacimiento, Kravchenko me envió al Gulag,,,
season_seven_intro,65.1,67.5,^1Stitch: ^7...donde encontré mi propósito.,,
season_seven_intro,71.5,74.47,^2Zeyna: ^7Te está tendiendo una trampa, Adler.,,
season_seven_intro,74.47,78.5,^2Adler: ^7Lo sé, pero si no lo detenemos, morirán muchos civiles.,,
season_seven_intro,79.7,81.53,Mall at the Pines. Nueva Jersey. 21 de enero de 1984.,,
season_seven_intro,81.53,83.23,^2Adler: ^7Hazlo.,,
season_seven_intro,96.23,101.2,^2Adler: ^7Qué mierda... Está produciendo Nova 6 otra vez...,,
season_seven_intro,110.77,115.73,^1Stitch: ^7Maten al resto. Adler es mío.,,
season_six_intro,4.7,6.77,^2Nikolai:^7 La información era correcta.,,
season_six_intro,6.77,8.37,^2Farah:^7 Así es.,,
season_six_intro,8.37,13.03,^2Nikolai:^7 Zakhaev y sus tropas han usado los túneles para desplazarse por Verdansk a su antojo.,,
season_six_intro,13.03,15.93,^2Farah:^7 Tenía túneles, pero no los trenes.,,
season_six_intro,15.93,17.73,^2Farah:^7 ¿Puedes arrancarlos?,,
season_six_intro,18.7,21.2,^2Nikolai:^7 Si consigues un poco de tiempo, sí.,,
season_six_intro,21.73,23.43,^2Farah:^7 Tres enemigos se dirigen hacia ti, Nik.,,
season_six_intro,26.03,27.7,^2Nikolai:^7 Quítamelos de encima.,,
season_six_intro,53.03,53.8,,,
season_six_intro,66.3,70.37,^2Soldado de Zakhaev 3:^7 ¡Aaargh...!,,
season_six_intro,70.37,72.97,^2Farah:^7 Ya está. Todo despejado.,,
season_six_intro,73.23,76.07,^2Nikolai:^7 Ya casi, Farah... Aquí vamos...,,
season_six_intro,83.63,84.43,^2Farah:^7 Buen trabajo.,,
season_six_intro,85.3,88.13,^2Nikolai:^7 Igualmente. Saluda al capitán de mi parte.,,
season_six_intro,88.83,91.53,^2Farah:^7 Quédate... Ayúdanos con Zakhaev.,,
season_six_intro,92.77,94.63,^2Nikolai:^7 Preferiría matarlo.,,
season_six_intro,95.57,97.7,^2Farah:^7 Bien. Necesitarás esto.,,
season_six_intro,100.5,102,^2Nikolai:^7 De vuelta al combate...,,
season_six_intro,102.43,106.37,^2Farah:^7 Jefe, estoy con Nikolai. Ya está.,,
season_six_intro,107.07,107.9,^2Price:^7 Recibido.,,
season_six_intro,108.73,111.7,^2Price:^7 Bravo 6 a Griggs. Todos preparados.,,
season_six_intro,112.3,114.37,^2Griggs:^7 Recibido. Cuando digas, capitán.,,
season_three_intro,8.77,10.4,^2Price:^7 Simon…,,
season_three_intro,10.4,11.67,^2Ghost:^7 Price...,,
season_three_intro,11.67,13.17,^2Price:^7 ¿Puedes hablar?,,
season_three_intro,13.17,15.93,^2Ghost:^7 Puedo escuchar.,,
season_three_intro,15.93,25.1,^2Price:^7 El plan de Zakhaev funciona. El Armisticio en Verdansk cayó oficialmente. Es un maldito caos.,,
season_three_intro,25.1,27.6,^2Ghost:^7 Dime algo que no sepa.,,
season_three_intro,27.6,34.73,^2Price:^7 Tengo una escuadra. Mandé varios operadores a tu posición.,,
season_three_intro,34.73,36.4,^2Ghost:^7 Más vale que sean buenos...,,
season_three_intro,36.4,40.53,^2Price:^7 Lo son.,,
season_three_intro,49.43,52.37,^2Alex:^7 Echo 3-1, listo para la acción.,,
season_three_intro,52.37,55.6,^2Ghost:^7 Alex. Creí que habías muerto.,,
season_three_intro,55.6,57.33,^2Alex:^7 Todavía en pie...,,
season_three_intro,57.33,60.33,^2Ghost:^7 ¿Listo para un tiroteo?,,
season_three_intro,60.33,61.7,^2Alex:^7 ¡Armas listas!,,
season_two_intro,28.1,29,^3Wyatt:^7 ¡Abatido!,,
season_two_intro,29.28,32,^3Wyatt:^7 El gas se acerca, necesitamos extracción.,,
season_two_intro,58.13,59,^2Ghost:^7 Price.,,
season_two_intro,60,61.2,^2Ghost:^7 Algo anda mal en Verdansk.,,
season_two_intro,62.09,65.17,^2Ghost:^7 Se están atacando a ellos mismos. Necesitamos saber por qué…,,
season_two_intro,66.18,68.1,^2Ghost:^7 Envíen a gente confiable…,,
season_two_intro,69.09,70,^2Ghost:^7 Ghost fuera.,,
sp_captive_cine_intro,10.8,11.5,^2Kyle: ^7¡Alex!,,
sp_captive_cine_intro,14.15,16.75,^2Kyle: ^7Yo no lo hice, me alegra que tú sí.,,
sp_captive_cine_intro,17,18.8,^2Alex: ^7Pena no liquidarlo dos veces.,,
sp_captive_cine_intro,19.5,21,^2Kyle: ^7Gracias, amigo.,,
sp_captive_cine_intro,34.6,37.5,^2Laswell: ^7Felicidades por hacer un buen trabajo.,,
sp_captive_cine_intro,39,44,^2Laswell: ^7Por mucho que queramos celebrar, me temo que eso tendrá que esperar. Hadir y sus nuevos amigos se desplazan.,,
sp_captive_cine_intro,44.3,45.3,^2Farah: ^7¿Dónde están?,,
sp_captive_cine_intro,45.5,46.65,^2Laswell:^7 Un paso a la vez...,,
sp_captive_cine_intro,46.75,48.4,^2Alex: ^7Nadie dijo que son amigos.,,
sp_captive_cine_intro,48.5,50.85,^2Norris: ^7La general no estaría de acuerdo.,,
sp_captive_cine_intro,51,51.75,^2Laswell: ^7Norris, te pedí que lo manejaras.,,
sp_captive_cine_intro,51.8,56,^2Norris: ^7Diles, Laswell, o yo lo haré.,,
sp_captive_cine_intro,56.55,61.1,^2Laswell: ^7El mando modificó el estado de las fuerzas de Farah.,,
sp_captive_cine_intro,61.3,64.3,^2Kyle: ^7¿Podría decir esa mierda en otras palabras?,,
sp_captive_cine_intro,65.3,67,^2Price: ^7Entonces están en la lista.,,
sp_captive_cine_intro,67.1,68.6,^2Farah: ^7¿Qué lista?,,
sp_captive_cine_intro,68.75,72,^2Norris: ^7La de organizaciones terroristas. ,,
sp_captive_cine_intro,72.15,75.5,^2Norris: ^7Ordené a los marines que traten al ejército de Farah como hostil.,,
sp_captive_cine_intro,75.65,78.65,^2Alex:^7 ¡¿Qué?! Son nuestros aliados.,,
sp_captive_cine_intro,78.8,79.5,^2Norris: ^7Ya no.,,
sp_captive_cine_intro,79.65,82.8,^2Price: ^7Mantén a tus chicos con la correa corta, Coronel.,,
sp_captive_cine_intro,83,83.65,^2Norris:^7 ¿O qué?,,
sp_captive_cine_intro,83.7,87.35,^2Price: ^7O yo voy a colgarte con ella.,,
sp_captive_cine_intro,87.5,91,^2Alex: ^7Kate, esta gente necesita nuestro apoyo.,,
sp_captive_cine_intro,91.75,93.6,^2Laswell: ^7No hay nada que podamos hacer.,,
sp_captive_cine_intro,93.8,96.5,^2Kyle: ^7No, hay mucho que hacer.,,
sp_captive_cine_intro,96.6,98.8,^2Alex: ^7Me harta que me digan quiénes son mis amigos.,,
sp_captive_cine_intro,99,100.5,^2Farah: ^7Alex, no...,,
sp_captive_cine_intro,100.6,104,^2Alex: ^7Volveré a Urzikistán. Con las fuerzas de liberación.,,
sp_captive_cine_intro,104.1,105.5,^2Laswell: ^7Lo que haces es ilegal.,,
sp_captive_cine_intro,105.6,107.6,^2Alex: ^7Sin duda sé que todo lo que hacemos es ilegal.,,
sp_captive_cine_intro,107.7,109.1,^2Kyle: ^7Solo lo bueno.,,
sp_captive_cine_intro,110.4,112,^2Kyle:^7 Tienes amigos cerca.,,
sp_captive_cine_intro,112.25,113.25,^2Alex: ^7Tú también.,,
sp_captive_cine_intro,115.1,118.3,^2Farah:^7 Gracias... por todo.,,
sp_captive_cine_intro,118.5,122.75,^2Price: ^7Aún no ha terminado. Créeme.,,
sp_captive_cine_intro,123,125,^2Farah: ^7Siempre lo hago.,,
sp_captive_cine_intro,132,136,[10 AÑOS ATRÁS],,
sp_embassy_cine_intro,0.01,7,[CÁNTICOS DE LA MULTITUD],,
sp_embassy_cine_intro,13.5,18.7,^1Carnicero:^7 ¡Entréguennos al Lobo o iremos por él!,50,1
sp_embassy_cine_intro,19,21.75,^2Alex: ^72-6, Echo está listo en el segundo piso...,,
sp_embassy_cine_intro,22,25.5,^2Alex: ^7Atención, el acceso principal está libre, pero la ventana se cierra rápido.,,
sp_embassy_cine_intro,25.6,29.5,^2Kyle: ^7Entendido. Aterrizamos en 3 minutos. 2-6, fuera.,,
sp_embassy_cine_intro,29.6,30.3,^2Alex: ^73 minutos.,,
sp_embassy_cine_intro,30.4,35.5,^1Lobo: ^7En 3 minutos, mi gente estará adentro y los matarán a todos.,,
sp_embassy_cine_intro,36,39.15,^2Alex: ^7Elegí llevarte con vida. Pero puedo cambiar de opinión.,,
sp_embassy_cine_intro,39.3,40.5,^1Lobo: ^7Tienes al hombre equivocado.,,
sp_embassy_cine_intro,40.6,43,^2Farah: ^7Mientes. Diles lo que hiciste.,,
sp_embassy_cine_intro,43.15,44.8,^1Lobo: ^7No robamos el gas.,,
sp_embassy_cine_intro,44.9,45.65,^2Farah: ^7¿Quién fue?,,
sp_embassy_cine_intro,45.75,48,^1Lobo: ^7Alguien muy peligroso.,,
sp_embassy_cine_intro,48.15,49.15,^2Alex: ^7¿Dónde está?,,
sp_embassy_cine_intro,49.25,50.5,^1Lobo: ^7Ojalá supiera...,,
sp_embassy_cine_intro,50.6,53.75,^2Hadir: ^7El Carnicero está afuera. Quemarán la ciudad si es necesario.,,
sp_embassy_cine_intro,54,56.6,^1Lobo: ^7Salva tu vida, hija... Únetenos.,,
sp_embassy_cine_intro,57,58.25,^2Hadir: ^7¡Tú no debes hablarle!,,
sp_embassy_cine_intro,58.3,61.15,^2Alex: ^7Oye, mantén la calma.,,
sp_embassy_cine_intro,61.3,67.3,^2Farah: ^7No soy tu hija, anciano. Yo lidero soldados. Tú entrenas asesinos.,,
sp_embassy_cine_intro,67.45,71.6,^1Lobo: ^7Pero todos somos asesinos aquí, ¿no?,,
sp_embassy_cine_intro,72,72.5,[DISPAROS AMORTIGUADOS],,
sp_embassy_cine_intro,73.5,74,[SONIDO DE ALARMA],,
sp_embassy_cine_intro,74.1,75.6,^2Alex: ^7¡Lograron entrar! ,,
sp_embassy_cine_intro,76.5,78.5,^2Alex: ^7¡Hay que irnos, ahora!,,
sp_embassy_cine_intro,79,83.3,^2Alex: ^73-1 a 2-6. Hay disparos, nos vamos para proteger al VIP.,,
sp_epilogue,6.5,7.15,^2Laswell: ^7¿Té?,,
sp_epilogue,7.25,11,^2Price: ^7Sí. Estoy muy lejos de una buena cerveza.,,
sp_epilogue,11.5,13.1,^2Laswell: ^7Rusia repudió a Barkov.,,
sp_epilogue,13.15,16.5,^2Price: ^7No tenían alternativa. Está muerto.,,
sp_epilogue,16.65,18.5,^2Laswell: ^7Sacaste ventaja de ese problema, John.,,
sp_epilogue,18.6,21,^2Price: ^7Por ahora, pero está pendiente.,,
sp_epilogue,21.1,23.1,^2Laswell: ^7No por mucho.,,
sp_epilogue,24.65,29.65,^2Laswell: ^7El general Shepherd te envió los archivos que pediste. ¿De qué se trata todo esto?,,
sp_epilogue,30.55,32.15,^2Price: ^7Una fuerza operativa.,,
sp_epilogue,33.25,34.3,^2Laswell: ^7Tenemos cabos sueltos.,,
sp_epilogue,34.35,35.65,^2Price: ^7Yo los ataré.,,
sp_epilogue,35.85,38.65,^2Laswell: ^7Financio a agentes, no a forajidos.,,
sp_epilogue,41,42.5,^2Price: ^7Disfruta el té, ¿quieres?,,
sp_epilogue,42.65,46.3,^2Laswell: ^7Zakhaev quiere el trono de Barkov.,,
sp_epilogue,46.5,48.75,^2Price: ^7Casi lo maté en Prípiat... con MacMillan.,,
sp_epilogue,49.95,53.5,^2Laswell:^7 Ese era el padre. Hablo de su hijo, "Víctor".,,
sp_epilogue,53.6,53.8,^2Price: ^7Hermosa familia...,,
sp_epilogue,55.25,57,^2Laswell: ^7Son seguidores de Hadir...,,
sp_epilogue,57.1,60.15,^2Price: ^7Eso explicaría por qué sigue vivo.,,
sp_epilogue,60.3,61.65,^2Laswell: ^7Lo van a liberar.,,
sp_epilogue,62.35,65,^2Price: ^7Dame lo que necesito...,,
sp_epilogue,74.35,76.35,^2Laswell: ^7¿Y tu equipo?,,
sp_epilogue,77.8,79.15,^2Price: ^7El sargento Garrick.,,
sp_epilogue,79.4,80.6,^2Laswell: ^7¿Kyle?,,
sp_epilogue,80.8,85,^2Price: ^7Lo llaman "Gaz". Nunca dijo nada.,,
sp_epilogue,85.8,90.15,^2Price: ^7John MacTavish, SAS. Tirador y demoliciones. Le dicen "Soap".,,
sp_epilogue,90.35,90.85,^2Laswell: ^7¿Por qué?,,
sp_epilogue,90.9,92.6,^2Price: ^7Es confidencial.,,
sp_epilogue,92.8,94.4,^2Price:^7 [RISA ENTRE DIENTES],,
sp_epilogue,94.45,96.15,^2Price: ^7Aquí está. ,,
sp_epilogue,96.65,98.65,^2Price:^7 Simon Riley.,,
sp_epilogue,100.65,101.35,^2Laswell: ^7No hay fotos.,,
sp_epilogue,101.4,102.4,^2Price: ^7Correcto.,,
sp_epilogue,102.85,105.5,^2Price:^7 Y el resto...,,
sp_epilogue,107.35,112.35,^2Price:^7 Es confidencial. A menos que aceptes.,,
sp_epilogue,113,114.5,^2Laswell: ^7¿Cómo le llamas a esta fuerza?,,
sp_epilogue,116.3,119,^2Price: ^71-4-1.,,
sp_estate_cine_intro,5.75,6.5,^2Price: ^7Oye.,,
sp_estate_cine_intro,7.3,9,^2Price: ^7Hay un control.,,
sp_estate_cine_intro,9.5,10.75,^2Kyle: ^7¿Para nosotros?,,
sp_estate_cine_intro,11.15,13.15,^2Price: ^7¿Cuál es la diferencia?,,
sp_estate_cine_intro,14.25,18,^2Kyle: ^7Está bloqueada. ¿Cuál es el plan?,,
sp_estate_cine_intro,20.15,21.4,^2Price: ^7Sorpresa y pavor.,,
sp_estate_cine_intro,21.5,23,[SIRENA DE POLICÍA],,
sp_estate_cine_intro,23.9,25.15,^2Kyle: ^7¿Y si no se mueven?,,
sp_estate_cine_intro,25.3,27.6,^2Price: ^7Desataremos el infierno...,,
sp_estate_cine_intro,28.7,29.5,^2Kyle: ^73 segundos...,,
sp_estate_cine_intro,29.55,31.5,^2Price: ^7Suficiente tiempo...,,
sp_estate_cine_intro,34.5,36.3,^2Price:^7 [RISAS],,
sp_estate_cine_intro,37.6,39,^2Kyle: ^7Santo cielo, capitán...,,
sp_estate_cine_intro,39.05,40.05,^2Price: ^7Nikolai nos salvó el trasero.,,
sp_estate_cine_intro,40.1,41.1,^2Kyle: ^7¿Y si nos siguen?,,
sp_estate_cine_intro,41.15,42.5,^2Price: ^7No lo harán.,,
sp_estate_cine_intro,49.65,51,^2Kyle: ^7Jefe...,,
sp_estate_cine_intro,52.15,54.15,^2Kyle: ^7¿Qué rayos hacemos aquí?,,
sp_estate_cine_intro,54.5,55.75,^2Price: ^7Hacemos el trabajo sucio.,,
sp_estate_cine_intro,56,56.8,^2Kyle: ^7¿Con mujeres y niños?,,
sp_estate_cine_intro,56.85,57.5,^2Price: ^7Eran una ventaja.,,
sp_estate_cine_intro,57.55,58.1,^2Kyle: ^7Eran rehenes.,,
sp_estate_cine_intro,58.15,65,^2Price: ^7Cuando te sacas los guantes, te manchas las manos, Kyle. Así son las cosas.,,
sp_estate_cine_intro,66,68.5,^2Kyle: ^7¿Cuál es el límite, señor?,,
sp_estate_cine_intro,69.65,75.5,^2Price: ^7Tu pones el límite donde lo necesites, sargento.,,
sp_estate_cine_intro,75.65,79.35,^2Price: ^7Después de todo, alguien debe tener al enemigo aterrado.,,
sp_estate_cine_intro,80,85.5,^2Price: ^7Nos ensuciamos y el mundo queda limpio. Esa es la misión.,,
sp_estate_cine_intro,86.5,90.5,^2Price: ^7Ahora, si lo estás reconsiderando, puedo hacerlo yo mismo...,,
sp_estate_cine_intro,92,95.35,^2Kyle: ^7No, señor. No tengo dudas.,,
sp_estate_cine_intro,95.5,96.5,^2Price: ^7Bien.,,
sp_estate_cine_intro,97.3,101,^2Price: ^7Vamos por Hadir antes de que mate a Barkov.,,
sp_highway_cine_intro,0.5,5,^2Farah: ^7El Lobo respalda al Carnicero. Las células terroristas de la ciudad los ocultarán.,,
sp_highway_cine_intro,5.4,8.75,^2Farah:^7 Bravo despejará las casas buscándolos, y mi gente te ayudará.,,
sp_highway_cine_intro,9,12,^2Farah:^7 Si intentan escapar a las montañas, solo tienen un camino...,,
sp_highway_cine_intro,12.5,15,^2Farah:^7 "Tariq Almawt", la carretera de la muerte.,,
sp_highway_cine_intro,15.25,19.25,^2Farah: ^7Los rusos la bombardearon durante la invasión, matando a quienes querían escapar.,,
sp_highway_cine_intro,19.5,21.5,^2Farah: ^7Hay una aldea en el cruce.,,
sp_highway_cine_intro,21.75,25,^2Farah:^7 Envié a Hadir y a sus combatientes a preparar una emboscada. ,,
sp_highway_cine_intro,25.25,28.75,^2Farah:^7 Alex y yo nos uniremos y tomaremos posición sobre el camino. ,,
sp_highway_cine_intro,29,32.5,^2Farah:^7 Al acecho… del Lobo.,,
sp_hometown_cine_intro,1,6,[20 AÑOS ATRÁS],,
sp_lab_cine_intro,2,5,^3Hadir: ^7Capitán, por favor, dele a Farah los planos y dígale la verdad.,,
sp_lab_cine_intro,5.15,7,^2Kyle: ^7Tendrás la ocasión de decirle a todos.,,
sp_lab_cine_intro,7.3,11.15,^3Hadir: ^7No me importan los demás. Lo hice por mi hermana.,,
sp_lab_cine_intro,11.3,17.6,^2Watcher 1: ^7Baseplate a 0-6, tráfico aéreo aliado al sur al 1-8-0. El código es: Watcher-1.,,
sp_lab_cine_intro,17.75,18.75,^2Price: ^7Recibido.,,
sp_lab_cine_intro,23.15,24.5,^2Price: ^7Es Laswell.,,
sp_lab_cine_intro,24.95,26.5,^2Kyle: ^7¿Qué hace ella aquí?,,
sp_lab_cine_intro,26.65,28.1,^2Price: ^7Huelo a sangre...,,
sp_lab_cine_intro,28.5,30.25,^2Price: ^7Es información. Resguárdala.,,
sp_lab_cine_intro,30.3,31.3,^2Kyle: ^7Sí, señor.,,
sp_lab_cine_intro,43.15,44.3,^2Price: ^7¿Qué rayos es esto?,,
sp_lab_cine_intro,44.75,47.15,^2Laswell: ^7Se acabó. Vamos a entregarlo.,,
sp_lab_cine_intro,47.25,48.25,^2Price: ^7¿A quién?,,
sp_lab_cine_intro,48.3,49.65,^2Laswell: ^7Rusia.,,
sp_lab_cine_intro,49.9,51.3,^2Price:^7 ¿Un intercambio?,,
sp_lab_cine_intro,51.35,52.5,^2Laswell: ^7Solo él.,,
sp_lab_cine_intro,52.75,54.75,^2Kyle: ^7¿Qué hacemos, jefe?,,
sp_lab_cine_intro,56,56.8,^2Price: ^7Espera...,,
sp_lab_cine_intro,57,58,^2Laswell: ^7No empeores esto, capitán.,,
sp_lab_cine_intro,58.05,59,^2Price: ^7¡Dame una razón para no hacerlo!,,
sp_lab_cine_intro,59.05,62.55,^2Laswell: ^7Es una guerra subsidiaria. Tu y yo sólo somos peones.,,
sp_lab_cine_intro,62.6,65,^2Price: ^7Habla por ti.,,
sp_lab_cine_intro,66,67,^2Price: ^7Entrégalo.,,
sp_lab_cine_intro,67.15,68.15,^2Kyle: ^7Sí, señor.,,
sp_lab_cine_intro,78.15,80.15,^2Price: ^7Hadir es tuyo. La información es mía.,,
sp_lab_cine_intro,81.65,84.5,^2Laswell: ^7Lo que sea que pase aquí, puedo ayudar.,,
sp_lab_cine_intro,86,88.3,^2Price: ^7Te llamaré si te necesito.,,
sp_lab_cine_intro,106.9,108.3,^2Kyle: ^7Le cubro la espalda, capitán.,,
sp_lab_cine_intro,110,111.5,^2Price: ^7¡Farah!,,
sp_lab_cine_intro,112.8,114.4,^2Price: ^7Hablemos...,,
sp_lab_cine_intro,117.75,119.3,^2Farah: ^7Sé cómo funciona esto, capitán.,,
sp_lab_cine_intro,119.65,123.65,^2Price: ^7Esta vez no. Le entregaron a Hadir a los rusos.,,
sp_lab_cine_intro,124.6,125.65,^2Farah: ^7Lo matarán.,,
sp_lab_cine_intro,126,126.5,^2Price: ^7Si tiene suerte.,,
sp_lab_cine_intro,128.45,131,^2Farah: ^7Volviste a salvar al mundo libre, capitán Price.,,
sp_lab_cine_intro,131.25,134.8,^2Price: ^7Hadir halló el laboratorio de Barkov, en el este de Georgia.,,
sp_lab_cine_intro,134.9,136.3,^2Farah: ^7¿La fábrica de gas?,,
sp_lab_cine_intro,136.5,138.35,^2Price: ^7Él planeaba destruirla.,,
sp_lab_cine_intro,138.55,140.35,^2Farah: ^7Hadir se volvió loco.,,
sp_lab_cine_intro,140.65,144,^2Price: ^7En el mundo hay muchos locos.,,
sp_lab_cine_intro,144.25,146.5,^2Price:^7 ¿No es así, Alex?,,
sp_lab_cine_intro,147.3,149.6,^2Alex: ^7Afirmativo, señor.,,
sp_lab_cine_intro,152.25,157.5,^2Price: ^7Con tu ayuda, terminaremos lo que él inició...,,
sp_lab_cine_intro,158.45,163,^2Farah: ^7Eres buen amigo, capitán. Y el peor enemigo, sin duda... ,,
sp_lab_cine_intro,163.35,168.35,^2Farah: ^7Pero yo no cruzo fronteras e invado. Defiendo a mi pueblo aquí, en mi hogar.,,
sp_lab_cine_intro,168.8,171.35,^2Price: ^7A veces la mejor línea de defensa...,,
sp_lab_cine_intro,175.15,179.25,^2Price: ^7Todo está ahí, los planos, el personal...,,
sp_lab_cine_intro,182.5,183.5,^2Farah: ^7Entiendo...,,
sp_lab_cine_intro,184.9,189,^2Farah: ^7Una milicia sin vínculos con el oeste no llevaría esta misión...,,
sp_lab_cine_intro,189.8,193.65,^2Price: ^7Y culparán a "los terroristas", ¿cierto?,,
sp_lab_cine_intro,194.25,196.5,^2Farah: ^7Sabía que eras confiable.,,
sp_lab_cine_intro,197.5,202,^2Farah: ^7Si Barkov está ahí... es mío.,,
sp_lab_cine_intro,203,206.35,^2Price: ^7Esta es una misión secreta para destruir el laboratorio de Barkov.,,
sp_lab_cine_intro,206.55,209.55,^2Price: ^7Nikolai estará dentro, él proveerá los explosivos.,,
sp_lab_cine_intro,209.75,218.15,^2Price: ^7Dos equipos se infiltrarán. Garrick y yo colocaremos las cargas en las tuberías... Farah y Alex buscarán el detonador de Nikolai y volarán la caldera.,,
sp_lab_cine_intro,218.3,222.35,^2Price: ^7Cuando las cargas estén listas, tomen distancia... y derríbenlo.,,
sp_lab_cine_intro,220,224,GEORGIA,,
sp_lab_cine_intro,222.5,225.65,^2Price: ^7El apoyo aéreo de Laswell abrirá camino. El resto va por nosotros.,,
sp_lab_cine_intro,226.35,229.35,^2Laswell: ^7Hay tropas en el lado norte del puente. Abran fuego.,,
sp_lab_cine_intro,229.4,231.4,^2Operador UAV de EE. UU.: ^7Recibido Watcher. Tres segundos para el impacto.,,
sp_lab_cine_sacrifice,4.2,5,^2Farah: ^7¡Despejado!,,
sp_lab_cine_sacrifice,7.17,8.04,^2Farah: ^7¿Qué pasó?,,
sp_lab_cine_sacrifice,9.25,10.25,^2Alex: ^7El detonador no sirve.,,
sp_lab_cine_sacrifice,13.28,14.11,^2Farah: ^7Está muerto.,,
sp_lab_cine_sacrifice,16.29,17.18,^2Farah:^7 Yo iré.,,
sp_lab_cine_sacrifice,18.27,19.21,^2Alex:^7 ¿Y qué harás?,,
sp_lab_cine_sacrifice,19.25,21,^2Farah: ^7Encender la caldera.,,
sp_lab_cine_sacrifice,21.18,22.23,^2Alex: ^7No te alejarás a tiempo.,,
sp_lab_cine_sacrifice,22.28,24,^2Farah: ^7Yo sé lo que hago.,,
sp_lab_cine_sacrifice,25.24,26.1,^2Alex: ^7Farah...,,
sp_lab_cine_sacrifice,26.22,27.1,^2Alex: ^7... escúchame.,,
sp_lab_cine_sacrifice,27.12,28.15,^2Farah:^7 No, tú escúchame...,,
sp_lab_cine_sacrifice,29.13,34.14,^2Farah: ^7... por este veneno mi pueblo conoce algo peor que la guerra. No llegué hasta aquí para volver.,,
sp_lab_cine_sacrifice,34.19,36.09,^2Alex: ^7No te estoy pidiendo que vuelvas...,,
sp_lab_cine_sacrifice,37.18,39.08,^2Alex: ^7... te pido que me des la orden.,,
sp_lab_cine_sacrifice,40.12,41.1,^2Farah:^7 No lo haré.,,
sp_lab_cine_sacrifice,41.12,42.22,^2Alex: ^7Comandante, por favor.,,
sp_lab_cine_sacrifice,42.26,44.25,^2Farah:^7 No soy tu comandante.,,
sp_lab_cine_sacrifice,45.01,46,^2Alex:^7 ¿Y quién lo es?,,
sp_lab_cine_sacrifice,46.08,49.15,^2Alex: ^7Porque alguien tiene que encender eso y alguien tiene que matar a Barkov...,,
sp_lab_cine_sacrifice,49.23,51,^2Alex: ^7No puedes hacer ambas.,,
sp_lab_cine_sacrifice,52.29,58,^2Alex: ^7Obedecí órdenes toda mi vida. Esto... es por lo que peleo.,,
sp_lab_cine_sacrifice,59.29,61.15,^2Alex:^7 Dame la orden.,,
sp_lab_cine_sacrifice,64.07,65.25,^2Farah: ^7Luchas por la libertad.,,
sp_lab_cine_sacrifice,67.06,69,^2Alex: ^7Y tú una líder nata, Farah.,,
sp_lab_cine_sacrifice,69.28,71.05,^2Alex:^7 Da la orden.,,
sp_lab_cine_sacrifice,75.28,76.23,^2Farah: ^7Ve.,,
sp_lab_cine_sacrifice,77.14,78.1,^2Alex: ^7Sí, comandante.,,
sp_lab_cine_sacrifice,85.17,86.1,^2Alex: ^7Suerte.,,
sp_marines_cine_intro,1.5,6.25,^2Inteligencia: ^7El ático de la casa de Al Qatala era una mina de oro. Parece que encontramos al Lobo.,,
sp_marines_cine_intro,6.5,12.75,^2Inteligencia: ^7Las comunicaciones se rastrearon hasta el hospital de Ramaza en Urzikistán, donde se cree que está oculto el líder de Al Qatala.,,
sp_marines_cine_intro,13,19.75,^2Inteligencia: ^7Las fuerzas de Farah buscarán actividad terrorista en el hospital mientras una fuerza terrestre de marines se moviliza hacia el complejo. ,,
sp_marines_cine_intro,20,24.5,^2Inteligencia: ^7Echo 3-1 capturará al Lobo para interrogarlo sobre el gas ruso robado.,,
sp_marines_cine_intro,30,32.9,^2Combatiente por la libertad:^7 Comandante, Al Qatala estaba disparando en el hospital.,50,1
sp_marines_cine_intro,33,34.65,^2Combatiente por la libertad:^7 Ya todo se calmó.,50,1
sp_marines_cine_intro,35.25,36,^2Farah: ^7Afirmativo.,50,1
sp_marines_cine_intro,36.25,37.5,^2Farah:^7 Tennos al tanto.,50,1
sp_marines_cine_intro,39,41.25,^2Farah: ^7Mis soldados confirman el asedio al hospital.,,
sp_marines_cine_intro,41.5,44.75,^2Farah: ^7Al Qatala usa civiles como escudos humanos.,,
sp_marines_cine_intro,45,46,^2Farah: ^7Protegen a alguien.,,
sp_marines_cine_intro,46.1,48,^2Alex: ^7O algo.,,
sp_marines_cine_intro,48.1,49.5,^2Farah: ^7Cuanto más sepamos...,,
sp_marines_cine_intro,49.75,51,^2Hadir:^7 [SILBA UNA SEÑAL],,
sp_marines_cine_intro,51.25,52.25,^2Combatiente por la libertad:^7 [SILBA RESPUESTA EN LA DISTANCIA],,
sp_marines_cine_intro,52.75,54.25,^2Hadir: ^7Todo despejado.,,
sp_marines_cine_intro,55.25,60.5,^2Farah: ^7Es mi mejor francotirador. Confía en él... y en mis soldados.,,
sp_marines_cine_intro,60.75,64.5,^2Alex: ^7Los marines quieren su venganza. Ellos dirigen este.,,
sp_marines_cine_intro,65.5,67.25,^2Farah: ^7Te dije que te ayudaríamos.,,
sp_marines_cine_intro,67.5,68.75,^2Alex: ^7Y cumplirás tu palabra.,,
sp_marines_cine_intro,71,74.5,^2Farah: ^7No lo hago por... cumplir mi palabra.,,
sp_marines_cine_intro,74.6,79,^2Farah: ^7A los invasores de mi país no les importa la vida humana.,,
sp_marines_cine_intro,79.5,84,^2Farah: ^7El gas mata todo, hasta la comida de los jardines.,,
sp_marines_cine_intro,85.15,87.15,^2Farah: ^7Al usar estas tácticas, eres mi enemigo.,,
sp_marines_cine_intro,87.45,89,^2Alex: ^7¿Sin excepciones?,,
sp_marines_cine_intro,89.15,90,^2Farah: ^7Cero.,,
sp_marines_cine_intro,91,95.75,^2Farah: ^7Al Qatala le dio a mi pueblo mala fama, y estamos pagando por sus crímenes.,,
sp_marines_cine_intro,96.5,98,^2Farah: ^7Quiero que castiguen al Lobo.,,
sp_marines_cine_intro,99.5,102.5,^2Alex: ^7Te aseguro que estarás en la embajada para la entrega a Price.,,
sp_marines_cine_intro,104,107.5,^2Farah: ^7¿Y tú? ¿A dónde irás cuando esto acabe?,,
sp_marines_cine_intro,108.25,109.25,^2Alex: ^7A donde me envíen.,,
sp_marines_cine_intro,110.65,112.5,^2Farah: ^7¿Puedes elegir?,,
sp_marines_cine_intro,112.8,113.5,^2Alex: ^7No exactamente.,,
sp_marines_cine_intro,116,118.5,^2Farah: ^7Descansa. Mañana es un gran día.,,
sp_marines_cine_intro,119.5,121,^2Alex: ^7¿Y tú y tus hombres?,,
sp_marines_cine_intro,121.5,123.5,^2Farah: ^7Estaremos hasta el amanecer.,,
sp_marines_cine_intro,124.8,127.5,^2Alex: ^7Yo cubriré esta esquina.,,
sp_marines_cine_intro,134.5,135.5,^2Alex:^7 [SILBA UNA SEÑAL],,
sp_marines_cine_intro,135.65,137.5,^2Combatiente por la libertad:^7 [SILBA RESPUESTA],,
sp_piccadilly_cine_intro,3,5,^2Laswell: ^7Esta operación es una actividad compartimentada.,,
sp_piccadilly_cine_intro,5.1,6.1,^2Norris: ^7¡¿Qué rayos quiere decir?!,,
sp_piccadilly_cine_intro,6.3,8.3,^2Laswell: ^7Que ya no tienes autorización, coronel.,,
sp_piccadilly_cine_intro,8.5,11.65,^2Norris: ^7Son mis marines. Necesitamos apoyo ahora mismo.,,
sp_piccadilly_cine_intro,11.7,12.65,^2Laswell: ^7Eso no es conveniente.,,
sp_piccadilly_cine_intro,12.7,14,^2Norris: ^7¡Tú no decides eso!,,
sp_piccadilly_cine_intro,14.05,15.5,^2Lyons: ^7Coronel. Laswell.,,
sp_piccadilly_cine_intro,16,17.05,^2Norris: ^7General, mis hombres...,,
sp_piccadilly_cine_intro,17.1,19.5,^2Lyons: ^7Norris, danos un minuto.,,
sp_piccadilly_cine_intro,20,21.5,^2Norris: ^7Sí, madam.,,
sp_piccadilly_cine_intro,23.4,25,^2Lyons: ^7Tenemos un problema...,,
sp_piccadilly_cine_intro,25.25,27.25,^2Lyons: ^7El Kremlin suspendió todos los canales alternativos, la Sexta Flota se acerca al mar Negro y las armas químicas están ahora a la deriva... ,,
sp_piccadilly_cine_intro,27.35,29.5,^2Lyons:^7 la Sexta Flota se acerca al mar Negro...,,
sp_piccadilly_cine_intro,29.55,32.8,^2Lyons:^7 Y las armas químicas están a la deriva.,,
sp_piccadilly_cine_intro,33,37.5,^2Lyons: ^7Tus huellas están por todas partes, Laswell. Corrígelo.,,
sp_piccadilly_cine_intro,37.8,40.4,^2Laswell: ^7General, la información es nuestra mejor arma.,,
sp_piccadilly_cine_intro,40.8,45,^2Lyons: ^7Ya intentamos eso. Tráeme un arma mejor.,,
sp_piccadilly_cine_intro,45.6,49,[CELULAR VIBRANDO],,
sp_piccadilly_cine_intro,49.4,50,^2Laswell: ^7¿John?,,
sp_piccadilly_cine_intro,50.5,51.5,^2Price: ^7Laswell.,,
sp_piccadilly_cine_intro,51.8,53,^2Laswell: ^7¿Dónde estás?,,
sp_piccadilly_cine_intro,53.5,54.4,^2Price: ^7Ocupado.,,
sp_piccadilly_cine_intro,54.5,55.5,^2Laswell: ^7Tengo un problema.,,
sp_piccadilly_cine_intro,55.85,56.8,^2Price: ^7¿Rusos?,,
sp_piccadilly_cine_intro,57,57.85,^2Laswell: ^7Las noticias vuelan.,,
sp_piccadilly_cine_intro,58,63.5,^2Laswell: ^7Las armas químicas están en manos terroristas. Podrían estar donde sea...,,
sp_piccadilly_cine_intro,63.7,65,^2Price: ^7Londres.,,
sp_piccadilly_cine_intro,65,65.7,[IMPACTOS DE BALA],,
sp_piccadilly_cine_intro,68.25,70,^2Laswell: ^7¿Se encargarán?,,
sp_piccadilly_cine_intro,70.8,73,^2Price: ^7Ya lo hicimos.,,
sp_piccadilly_cine_intro,76.06,78.1,LONDRES,,
sp_piccadilly_london_title,0,3,LONDRES,,
sp_proxywar_cine_intro,5,10,^1Lobo:^7 Nuestra guerra no es por fe. ,,
sp_proxywar_cine_intro,10.3,17.3,^1Lobo:^7 Queremos expulsar a las potencias extranjeras de nuestra tierra...,,
sp_proxywar_cine_intro,17.6,21.5,^1Carnicero: ^7Somos Al Qatala. Somos "Los asesinos".,,
sp_proxywar_cine_intro,22.5,25,^1Lobo:^7 Luchamos sin pesar.,,
sp_proxywar_cine_intro,26.3,31.5,^1Lobo:^7 Combatimos sin sentir piedad.,,
sp_proxywar_cine_intro,32.5,38.5,^1Lobo:^7 Es la única forma de vivir... y morir.,,
sp_proxywar_cine_intro,39,43,^1Lobo:^7 Como un verdadero soldado.,,
sp_proxywar_cine_intro,47.4,48,[GRITOS DE LA MULTITUD],,
sp_proxywar_cine_intro,49.75,52,MODERN WARFARE,,
sp_proxywar_cine_intro,53,54.85,24 HORAS ANTES,,
sp_proxywar_cine_intro,57.45,60.84,VERDANSK,,
sp_proxywar_cine_intro,63.45,65.5,^2Alex: ^7Echo 3-1 a Charlie 2, comandante.,,
sp_proxywar_cine_intro,65.75,66.5,^2Norris: ^7Aquí comandante...,,
sp_proxywar_cine_intro,67.1,70.6,^2Alex: ^7ZA a la vista. Parece que nuestros chicos llegaron justo a tiempo, coronel.,,
sp_proxywar_cine_intro,71,76,^2Norris: ^7Entendido, 3-1. Equipos Hitman listos para el asalto. Permiso para proceder.,,
sp_proxywar_cine_intro,77,78.5,^2Laswell: ^7Coronel, tal vez tengamos un problema.,,
sp_proxywar_cine_intro,78.65,81,^2Norris: ^7Demasiado tarde, Laswell. En curso...,,
sp_proxywar_cine_intro,81.3,83.1,^2Laswell: ^7No hasta que yo lo diga.,,
sp_proxywar_cine_intro,83.5,85,^2Laswell: ^7Watcher a 3-1, ¿me copias?,,
sp_proxywar_cine_intro,85.5,87.65,^2Alex:^7 Jefa de puesto Laswell, adelante...,,
sp_proxywar_cine_intro,87.8,91,^2Laswell:^7 El general Barkov envió otro cargamento de gas de cloro a su depósito...,,
sp_proxywar_cine_intro,91.15,95.3,^2Laswell:^7 ... pero sus mercenarios se preparan para moverlo en convoy a Urzikistán esta noche.,,
sp_proxywar_cine_intro,95.5,99.25,^2Laswell:^7 Pueden abrir fuego, pero no pueden disparar a los soldados rusos...,,
sp_proxywar_cine_intro,100,103.2,^2Laswell: ^7No provocaremos un incidente internacional.,,
sp_safehouse_cine_intro,0.3,5.3,[SIRENA DE POLICÍA],,
sp_safehouse_cine_intro,17.3,20,^2Price: ^7Hoy fuiste un héroe, sargento.,,
sp_safehouse_cine_intro,21.3,24.5,^2Kyle: ^7Esto nunca debió pasar, señor.,,
sp_safehouse_cine_intro,24.8,30.75,^2Kyle: ^7Nos enviaron sin prepararnos... para que puedan seguir fingiendo que no estamos en guerra.,,
sp_safehouse_cine_intro,31,33,^2Price: ^7Sí, el fraude del maldito siglo, así es.,,
sp_safehouse_cine_intro,33.1,40.25,^2Kyle: ^7¿Por qué tenemos las manos atadas? Deberíamos quitarnos los guantes y pelear...,,
sp_safehouse_cine_intro,40.5,42.5,^2Kyle:^7 Señor...,,
sp_safehouse_cine_intro,42.6,44,^2Price: ^7Continúa.,,
sp_safehouse_cine_intro,46.3,50.2,^2Kyle: ^7No tenemos oportunidad con estas directivas, capitán. ,,
sp_safehouse_cine_intro,50.5,55,^2Kyle: ^7Nos dicen dónde, nos dicen cuándo... pero no la solución. ,,
sp_safehouse_cine_intro,55.25,57.5,^2Kyle: ^7Mi equipo rastreó esta célula por días.,,
sp_safehouse_cine_intro,58,60.5,^2Price: ^7¿Tienes información confiable?,,
sp_safehouse_cine_intro,61,63,^2Kyle: ^7Bastante, señor.,,
sp_safehouse_cine_intro,65,69,^2Price: ^7Bien, Garrick. Ven conmigo.,,
sp_safehouse_cine_intro,69.85,72.5,[CELULAR VIBRANDO],,
sp_safehouse_cine_intro,74,75.8,^2Laswell: ^7Al Qatala se acreditó el ataque.,,
sp_safehouse_cine_intro,75.15,80.25,URZIKISTÁN,,
sp_safehouse_cine_intro,76,78.3,^2Price: ^7Órdenes del Lobo en Urzikistán.,,
sp_safehouse_cine_intro,78.5,80.8,^2Laswell: ^7Alex está en el terreno buscando los químicos robados.,,
sp_safehouse_cine_intro,81,85,^2Price: ^7Es necesario el apoyo de las Fuerzas de Liberación de su lado. Que contacte al oficial al mando.,,
sp_safehouse_cine_intro,85.1,86,^2Laswell: ^7¿Conoces al comandante Karim?,,
sp_safehouse_cine_intro,86.25,90.5,^2Price:^7 Nos conocemos. Que diga mi nombre o lo matarán.,,
sp_safehouse_cine_intro,93.1,96,^2Farah: ^7¿Cuál es el mensaje del capitán Price?,,
sp_safehouse_cine_intro,96.55,99.15,^2Alex: ^7Comandante Karim. Llámame Alex.,,
sp_safehouse_cine_intro,99.3,101,^2Farah: ^7Te escucho, Alex.,,
sp_safehouse_cine_intro,101.15,103,^2Alex: ^7Esto es clasificado...,,
sp_safehouse_cine_intro,103.6,106.5,^2Farah:^7 Vayan, primos. Prepárense.,50,1
sp_safehouse_cine_intro,112.85,116.15,^2Alex: ^7Hace dos días los terroristas robaron un envío de gas ruso.,,
sp_safehouse_cine_intro,116.5,118.5,^2Farah: ^7Solo Al Qatala haría algo así.,,
sp_safehouse_cine_intro,119.7,122.6,^2Alex: ^7Los rusos no distinguen entre Al Qatala y tu gente.,,
sp_safehouse_cine_intro,122.65,127.8,^2Farah: ^7Y yo no distingo entre Al Qatala y el ejército ruso. Ambos son terroristas.,,
sp_safehouse_cine_intro,128,130,^2Farah: ^7No usaríamos esos venenos.,,
sp_safehouse_cine_intro,130.1,131.65,^2Alex: ^7Ayúdanos a rastrearlo antes de que...,,
sp_safehouse_cine_intro,131.7,136.5,^2Farah: ^7¿Antes de qué? ¿De llevarlo a Europa? ¿O a América?,,
sp_safehouse_cine_intro,137,138.15,^2Farah: ^7Vivimos así todos los días.,,
sp_safehouse_cine_intro,138.3,140.5,^2Hadir: ^7Comandante, es hora de irnos...,,
sp_safehouse_cine_intro,141.3,142.75,^2Hadir: ^7¿Quién es él?,,
sp_safehouse_cine_intro,143.3,146.3,^2Farah: ^7Alex, él es mi hermano y mi teniente, Hadir.,,
sp_safehouse_cine_intro,146.9,147.5,^2Hadir: ^7¿Eres de la CIA?,,
sp_safehouse_cine_intro,148.8,150.5,^2Farah: ^7Trabaja con el capitán Price.,,
sp_safehouse_cine_intro,151.15,153.15,^2Hadir: ^7Así que matas a los rusos.,,
sp_safehouse_cine_intro,153.5,156,^2Alex: ^7Tengo amigos que nos ayudarían.,,
sp_safehouse_cine_intro,156.15,158.15,^2Alex: ^7Pero tu hermana decide qué sigue.,,
sp_safehouse_cine_intro,158.5,161.6,^2Hadir:^7 Por supuesto. Mi hermana está al mando...,,
sp_safehouse_cine_intro,161.7,164.5,^2Hadir: ^7... y el ejército ruso aún está aquí.,,
sp_safehouse_cine_intro,164.6,169,^2Farah: ^7Esta ocupación debe terminar. En eso estamos de acuerdo, ¿cierto?,,
sp_safehouse_cine_intro,169.15,170.15,^2Hadir: ^7Ajá.,,
sp_safehouse_cine_intro,171.9,175.75,^2Farah: ^7Los hombres del general Barkov controlan la ciudad. Planeamos cambiar eso.,,
sp_safehouse_cine_intro,176,178,^2Hadir: ^7No tenemos misiles, pero métodos sí.,,
sp_safehouse_cine_intro,179.3,184.15,^2Farah: ^7Si te quedas, te ayudaremos, pero si te quedas... pelearás.,,
sp_safehouse_cine_intro,184.8,185.1,^2Alex: ^7Manos a la obra.,50,1
sp_safehouse_cine_intro,187,188,^2Hadir:^7 Bienvenido a Urzikistán, Alex.,50,1
sp_safehouse_cine_intro,189.6,191,^2Farah: ^7Sígueme.,,
sp_safehouse_finale_cine_intro,5.15,7.3,^2Hadir: ^7Ahora estás en mi hogar, Alex. ,,
sp_safehouse_finale_cine_intro,7.5,12.9,^2Hadir:^7 Me instalé cerca de la base de Barkov... para tenerlos vigilados...,,
sp_safehouse_finale_cine_intro,13,16.65,^2Hadir: ^7Los amigos cerca, pero el enemigo, aún más.,,
sp_st_petersburg_title,0.5,4.1,SAN PETERSBURGO ^2Nikolai:^7 Era la capital antes de Moscú.,,
sp_stpetersburg_cine_intro,1,2.5,[MOTOR DEL CAMION ENCENDIENDO],,
sp_stpetersburg_cine_intro,2.6,5,^2Price: ^7Hacia el norte. Eviten la carretera.,,
sp_stpetersburg_cine_intro,5.1,7.65,^2Price:^7 Bravo 6 a Cobalt 4. Confirmo tiempo de llegada.,,
sp_stpetersburg_cine_intro,7.75,8.75,^2Piloto británico: ^710 minutos.,,
sp_stpetersburg_cine_intro,9,10.5,^2Price: ^7Entendido. Espero.,,
sp_stpetersburg_cine_intro,11.5,13.65,^2Price: ^7De prisa. Incluso Barkov vendrá por sus muertos.,,
sp_stpetersburg_cine_intro,13.9,14.6,^2Farah:^7 Ve, espéranos.,50,1
sp_stpetersburg_cine_intro,14.65,15.75,^2Combatiente por la libertad:^7 Sí, Farah.,50,1
sp_stpetersburg_cine_intro,16.15,17.6,^2Price: ^7Saben que los hará pagar por esto.,,
sp_stpetersburg_cine_intro,17.9,18.65,^2Hadir: ^7Los haremos pagar.,,
sp_stpetersburg_cine_intro,18.75,19.9,^2Farah: ^7Estaremos listos.,,
sp_stpetersburg_cine_intro,20.1,23,^2Price: ^7Han despejado la ruta hacia el norte. Quédense aquí, es seguro.,,
sp_stpetersburg_cine_intro,23.1,24.25,^2Farah: ^7Gracias.,,
sp_stpetersburg_cine_intro,25.25,27,^2Hadir: ^7La revolución empieza ahora, hermana.,,
sp_stpetersburg_cine_intro,27.1,28.8,^2Farah: ^7La guerra ha comenzado, hermano.,,
sp_stpetersburg_cine_intro,29.1,33.15,^2Price: ^7Hasta las guerras tienen altura. No la pierdan.,,
sp_stpetersburg_cine_intro,39,41.15,^2Price: ^7Bravo 6, nos vamos en dos.,,
sp_stpetersburg_cine_intro,54.6,56.3,^2Laswell: ^720 años de guerra civil.,,
sp_stpetersburg_cine_intro,56.4,58.5,^2Price: ^7Eh, no tiene nada de civil.,,
sp_stpetersburg_cine_intro,59.15,60.8,^2Laswell: ^7Hadir entrenó bien...,,
sp_stpetersburg_cine_intro,61.6,64.3,^2Laswell: ^7... al cooperar secuestrado, no importa.,,
sp_stpetersburg_cine_intro,64.75,66,^2Laswell: ^7Llevó el gas a Rusia, John.,,
sp_stpetersburg_cine_intro,66.05,68.1,^2Price: ^7Lo hizo con la ayuda de Al Qatala.,,
sp_stpetersburg_cine_intro,68.25,69.65,^2Laswell: ^7Tiene redes y mano de obra.,,
sp_stpetersburg_cine_intro,69.7,71.6,^2Price: ^7¿Podrías culparlo, eh?,,
sp_stpetersburg_cine_intro,71.8,76,^2Laswell: ^7Extraoficialmente, no, pero esto rebasa a Hadir ahora.,,
sp_stpetersburg_cine_intro,77.55,79.15,^2Laswell: ^7Hay dos opciones.,,
sp_stpetersburg_cine_intro,79.3,80.3,^2Price: ^7¿Qué? ¿Avisar a Moscú?,,
sp_stpetersburg_cine_intro,80.7,82.55,^2Laswell: ^7O dejar que Rusia reciba su propia medicina.,,
sp_stpetersburg_cine_intro,82.75,84,^2Price: ^7Muchos inocentes morirán.,,
sp_stpetersburg_cine_intro,84.15,85.5,^2Laswell: ^7A manos de un recurso occidental.,,
sp_stpetersburg_cine_intro,85.55,87.5,^2Price: ^7De acuerdo, vamos, directo al grano.,,
sp_stpetersburg_cine_intro,87.55,89,^2Laswell: ^7¿Y qué sugieres?,,
sp_stpetersburg_cine_intro,90.6,92.3,^2Price: ^7Un viaje de negocios.,,
sp_stpetersburg_cine_intro,92.65,93.5,^2Laswell: ^7¿No autorizado?,,
sp_stpetersburg_cine_intro,93.65,94.5,^2Price: ^7No.,,
sp_stpetersburg_cine_intro,94.6,96,^2Laswell: ^7¿Y tu equipo?,,
sp_stpetersburg_cine_intro,96.25,98.04,^2Price: ^7Viejos camaradas.,,
sp_stpetersburg_cine_intro,98.17,100.5,^2Laswell: ^7¿Y el sargento?,,
sp_stpetersburg_cine_intro,103.65,105.5,^2Price: ^7Está listo.,,
sp_stpetersburg_cine_intro,106.65,111.3,^2Laswell: ^7Te daré entrada, después estarás solo. Sólo usen armas locales.,,
sp_stpetersburg_cine_intro,111.5,113.5,^2Price: ^7Déjamelo a mí.,,
sp_stpetersburg_cine_intro,118.3,120.14,SAN PETERSBURGO ^2Nikolai:^7 Era la capital antes de Moscú.,,
sp_townhoused_cine_intro,3,13.5,^2Price: ^7Alex y las fuerzas de la comandante Karim destruyeron la base de operaciones del general Barkov, limitando la capacidad aérea rusa en Urzikistán. Hay que actuar rápido.,,
sp_townhoused_cine_intro,13.7,23,^2Price: ^7Sargento Garrick, gracias a tu información, rastreamos a la célula de Al Qatala autor del ataque a Piccadilly en un edificio al norte de Londres.,,
sp_townhoused_cine_intro,23.3,31.65,^2Price: ^7Tres equipos del SAS entrarán por información. Si el Lobo tiene en sus manos el gas robado en Urzikistán, debemos hallarlo...,,
sp_townhoused_cine_intro,31.85,37.5,^2Price: ^7Atención, podría haber civiles en el objetivo. Cuidado al disparar.,,
sp_tunnels_cine_intro,2,5,^2Farah: ^7Mi hermano siempre quiso pelear sin reglas.,,
sp_tunnels_cine_intro,5.3,7.5,^2Farah: ^7Ahora las rompió todas.,,
sp_tunnels_cine_intro,8.1,9.3,^2Laswell: ^7Hadir fue al norte...,,
sp_tunnels_cine_intro,10,12.1,^2Laswell: ^7Al Qatala lo recogió en la base de las montañas.,,
sp_tunnels_cine_intro,12.15,13.25,^2Price: ^7¿Por convicción o por fuerza?,,
sp_tunnels_cine_intro,13.3,14.5,^2Laswell: ^7No lo sabemos...,,
sp_tunnels_cine_intro,15.5,17.5,^2Alex: ^7Lo siento, Farah.,,
sp_tunnels_cine_intro,17.75,18.5,^2Laswell: ^7Tu hermano...,,
sp_tunnels_cine_intro,18.55,20,^2Farah: ^7Es terrorista.,,
sp_tunnels_cine_intro,20.3,23.65,^2Laswell: ^7Es un recurso estadounidense, con o en manos de terroristas.,,
sp_tunnels_cine_intro,23.75,26,^2Alex: ^7La lucha de Hadir es otra.,,
sp_tunnels_cine_intro,26.15,30,^2Alex: ^7Pudo haber matado a todos cuando robó el gas pero, eligió no hacerlo.,,
sp_tunnels_cine_intro,30.15,31.4,^2Farah: ^7¿Cómo lo sabes?,,
sp_tunnels_cine_intro,32.15,35,^2Alex: ^7Estuve ahí... intenté detenerlo.,,
sp_tunnels_cine_intro,36,37.5,^2Farah: ^7¿Por qué no me dijiste?,,
sp_tunnels_cine_intro,37.8,40.5,^2Alex: ^7Creímos que era Al Qatala. No sabíamos que era él.,,
sp_tunnels_cine_intro,41,42.5,^2Laswell: ^7Ahora lo sabemos.,,
sp_tunnels_cine_intro,43.1,44.3,^2Laswell: ^7Iremos tras él esta noche.,,
sp_tunnels_cine_intro,44.6,46,^2Farah: ^7Iré contigo.,,
sp_tunnels_cine_intro,46.2,48.1,^2Kyle: ^7Cazarás a tu hermano.,,
sp_tunnels_cine_intro,48.3,51.5,^2Farah: ^7Él no es mi hermano. Ya no más.,,
sp_tunnels_cine_intro,52.1,54,^2Laswell: ^7Barkov le pondrá precio a su cabeza.,,
sp_tunnels_cine_intro,54.15,55.15,^2Price: ^7Bien, vamos por él primero.,,
sp_tunnels_cine_intro,55.2,57.65,^2Laswell: ^7Una complicación más y estaremos en guerra con Rusia.,,
sp_tunnels_cine_intro,57.75,59.75,^2Price: ^7Entonces no lo compliques.,,
sp_tunnels_cine_intro,60.15,62.5,^2Alex: ^7Es una mala idea, Farah.,,
sp_tunnels_cine_intro,62.6,64.1,^2Farah: ^7Nos encargamos de lo nuestro.,,
sp_tunnels_cine_intro,64.15,65.65,^2Kyle: ^7No suele significar eso...,,
sp_tunnels_cine_intro,65.85,67.65,^2Price: ^7Aquí sí.,,
sp_tunnels_cine_intro,68.5,72.5,^2Price: ^7Quiero a Farah en el equipo. Lo requiero.,,
sp_tunnels_cine_intro,73.5,74.5,^2Laswell: ^7Bien.,,
sp_tunnels_cine_intro,75.75,77.75,^2Laswell:^7 Tienen permiso para matar. ,,
sp_tunnels_cine_intro,78.3,80.5,^2Laswell: ^7Todos.,,
sp_tunnels_cine_intro,81,83,^2Laswell: ^7Recapitulemos.,,
sp_tunnels_cine_intro,84.55,93.55,^2Laswell: ^7Las imágenes confirman que Hadir tenía el gas robado en su poder cuando hizo contacto directo con el ejecutor más cruel de Al Qatala, el Carnicero.,,
sp_tunnels_cine_intro,93.6,101.5,^2Laswell: ^7Vigilancia siguió a sus vehículos hasta un complejo residencial en las montañas Aqrus, se cree que es la fortaleza del Lobo.,,
sp_tunnels_cine_intro,101.6,112.3,^2Laswell: ^7Alex y Farah esperarán hasta que se pueda aterrizar, mientras Bravo 6 dirige el asalto para localizar los agentes químicos, recuperar a Hadir y matar al Lobo.,,